year,month,line,station,n_records,pax_sum,baseline_p90,coverage_ratio,flag_low_coverage,flag_zero_records,rank_cov
2024,1,LineaA,Pasco,2081,49769.0,2183.6,0.9530133724125298,False,False,1.0
2024,1,LineaA,Carabobo,2132,158484.0,2183.6,0.9763692984063016,False,False,2.0
2024,1,LineaA,Piedras,2139,106802.0,2183.6,0.9795750137387801,False,False,3.0
2024,1,LineaA,Alberti,2147,76843.0,2183.6,0.9832386884044697,False,False,4.0
2024,1,LineaA,Castro Barros,2149,134038.0,2183.6,0.9841546070708922,False,False,5.0
2024,1,LineaA,Flores,2149,188520.0,2183.6,0.9841546070708922,False,False,6.0
2024,1,LineaA,Loria,2154,114559.0,2183.6,0.9864444037369482,False,False,7.0
2024,1,LineaA,Saenz Peña,2154,122003.0,2183.6,0.9864444037369482,False,False,8.0
2024,1,LineaA,San Pedrito,2158,457843.0,2183.6,0.9882762410697931,False,False,9.0
2024,1,LineaA,Peru,2161,172277.0,2183.6,0.9896501190694267,False,False,10.0
2024,1,LineaB,Echeverria,2117,91416.0,2179.4,0.9713682664953657,False,False,1.0
2024,1,LineaB,Los Incas,2140,143681.0,2179.4,0.9819216298063687,False,False,2.0
2024,1,LineaB,Tronador,2140,92512.0,2179.4,0.9819216298063687,False,False,3.0
2024,1,LineaB,Florida,2153,246505.0,2179.4,0.9878865742865008,False,False,4.0
2024,1,LineaB,Rosas,2158,435483.0,2179.4,0.9901807837019363,False,False,5.0
2024,1,LineaB,Pasteur,2167,172284.0,2179.4,0.9943103606497201,False,False,6.0
2024,1,LineaB,Angel Gallardo,2169,221150.0,2179.4,0.9952280444158942,False,False,7.0
2024,1,LineaB,Uruguay,2169,198765.0,2179.4,0.9952280444158942,False,False,8.0
2024,1,LineaB,Pueyrredon,2171,207074.0,2179.4,0.9961457281820684,False,False,9.0
2024,1,LineaB,Malabia,2173,275636.0,2179.4,0.9970634119482426,False,False,10.0
2024,1,LineaC,Mariano Moreno,2120,87665.0,2180.6,0.9722094836283592,False,False,1.0
2024,1,LineaC,Diagonal Norte,2131,94481.0,2180.6,0.977253966798129,False,False,2.0
2024,1,LineaC,General San Martin,2144,90055.0,2180.6,0.9832156287260387,False,False,3.0
2024,1,LineaC,Lavalle,2145,131423.0,2180.6,0.9836742181051087,False,False,4.0
2024,1,LineaC,San Juan,2147,53318.0,2180.6,0.9845913968632487,False,False,5.0
2024,1,LineaC,Avenida de Mayo,2161,85750.0,2180.6,0.9910116481702285,False,False,6.0
2024,1,LineaC,Independencia,2173,77892.0,2180.6,0.9965147207190682,False,False,7.0
2024,1,LineaC,Constitucion,2178,1334684.0,2180.6,0.9988076676144181,False,False,8.0
2024,1,LineaC,Retiro,2191,684518.0,2180.6,1.004769329542328,False,False,9.0
2024,1,LineaD,Agüero,431,26024.0,679.0,0.6347569955817378,True,False,1.0
2024,1,LineaD,Olleros,434,30239.0,679.0,0.6391752577319587,True,False,2.0
2024,1,LineaD,Facultad de Medicina,436,27318.0,679.0,0.6421207658321061,True,False,3.0
2024,1,LineaD,Juramento,438,45438.0,679.0,0.6450662739322534,True,False,4.0
2024,1,LineaD,Tribunales,441,25888.0,679.0,0.6494845360824743,True,False,5.0
2024,1,LineaD,Bulnes,443,42802.0,679.0,0.6524300441826215,True,False,6.0
2024,1,LineaD,Callao,443,32626.0,679.0,0.6524300441826215,True,False,7.0
2024,1,LineaD,Palermo,454,58382.0,679.0,0.6686303387334315,True,False,8.0
2024,1,LineaD,Scalabrini Ortiz,455,28735.0,679.0,0.6701030927835051,True,False,9.0
2024,1,LineaD,Jose Hernandez,457,28387.0,679.0,0.6730486008836525,True,False,10.0
2024,1,LineaE,Varela,2088,36756.0,2170.9,0.9618130729190658,False,False,1.0
2024,1,LineaE,Medalla Milagrosa,2098,30551.0,2170.9,0.9664194573679119,False,False,2.0
2024,1,LineaE,Emilio Mitre,2113,73203.0,2170.9,0.973329034041181,False,False,3.0
2024,1,LineaE,Pza. de los Virreyes,2123,144894.0,2170.9,0.9779354184900272,False,False,4.0
2024,1,LineaE,Catalinas,2133,77988.0,2170.9,0.9825418029388733,False,False,5.0
2024,1,LineaE,General Belgrano,2139,68529.0,2170.9,0.9853056336081809,False,False,6.0
2024,1,LineaE,Pichincha,2141,41917.0,2170.9,0.9862269104979501,False,False,7.0
2024,1,LineaE,Urquiza,2150,55288.0,2170.9,0.9903726565019116,False,False,8.0
2024,1,LineaE,Entre Rios,2152,69851.0,2170.9,0.9912939333916808,False,False,9.0
2024,1,LineaE,San Jose,2154,39912.0,2170.9,0.9922152102814501,False,False,10.0
2024,1,LineaH,Facultad de Derecho,2162,61779.0,2196.7,0.9842035780944144,False,False,1.0
2024,1,LineaH,Hospitales,2171,230623.0,2196.7,0.9883006327673329,False,False,2.0
2024,1,LineaH,Corrientes,2173,77208.0,2196.7,0.9892110893613147,False,False,3.0
2024,1,LineaH,Las Heras,2178,151952.0,2196.7,0.9914872308462694,False,False,4.0
2024,1,LineaH,Venezuela,2185,102927.0,2196.7,0.9946738289252061,False,False,5.0
2024,1,LineaH,Cordoba,2187,104060.0,2196.7,0.995584285519188,False,False,6.0
2024,1,LineaH,Santa Fe,2189,206695.0,2196.7,0.9964947421131698,False,False,7.0
2024,1,LineaH,Caseros,2190,108960.0,2196.7,0.9969499704101608,False,False,8.0
2024,1,LineaH,Patricios,2190,158676.0,2196.7,0.9969499704101608,False,False,9.0
2024,1,LineaH,Inclan,2194,84206.0,2196.7,0.9987708835981245,False,False,10.0
2024,2,LineaA,Pasco,1950,45518.0,2032.2,0.959551225273103,False,False,1.0
2024,2,LineaA,Carabobo,1987,155110.0,2032.2,0.9777580946757208,False,False,2.0
2024,2,LineaA,Flores,1989,175269.0,2032.2,0.978742249778565,False,False,3.0
2024,2,LineaA,Piedras,1993,98075.0,2032.2,0.9807105599842535,False,False,4.0
2024,2,LineaA,Puan,2012,98319.0,2032.2,0.9900600334612735,False,False,5.0
2024,2,LineaA,Alberti,2014,74851.0,2032.2,0.9910441885641177,False,False,6.0
2024,2,LineaA,Saenz Peña ,2019,118129.0,2032.2,0.9935045763212282,False,False,7.0
2024,2,LineaA,San Pedrito,2020,405740.0,2032.2,0.9939966538726503,False,False,8.0
2024,2,LineaA,Peru,2021,157241.0,2032.2,0.9944887314240725,False,False,9.0
2024,2,LineaA,Loria,2024,115667.0,2032.2,0.9959649640783387,False,False,10.0
2024,2,LineaB,Los Incas,1975,135266.0,2036.4,0.9698487527008446,False,False,1.0
2024,2,LineaB,Echeverria,1977,88936.0,2036.4,0.9708308780200353,False,False,2.0
2024,2,LineaB,Rosas,2008,434469.0,2036.4,0.9860538204674916,False,False,3.0
2024,2,LineaB,Tronador,2008,92201.0,2036.4,0.9860538204674916,False,False,4.0
2024,2,LineaB,Florida,2022,233337.0,2036.4,0.9929286977018267,False,False,5.0
2024,2,LineaB,Pasteur,2027,169253.0,2036.4,0.9953840109998036,False,False,6.0
2024,2,LineaB,Angel Gallardo,2030,221721.0,2036.4,0.9968571989785896,False,False,7.0
2024,2,LineaB,Uruguay,2031,208725.0,2036.4,0.997348261638185,False,False,8.0
2024,2,LineaB,Callao.B,2032,215899.0,2036.4,0.9978393242977803,False,False,9.0
2024,2,LineaB,Dorrego,2032,191826.0,2036.4,0.9978393242977803,False,False,10.0
2024,2,LineaC,Mariano Moreno,1968,73076.0,2033.2,0.9679323234310446,False,False,1.0
2024,2,LineaC,Diagonal Norte,1980,80092.0,2033.2,0.9738343497934291,False,False,2.0
2024,2,LineaC,San Juan,1985,51831.0,2033.2,0.9762935274444225,False,False,3.0
2024,2,LineaC,General San Martin,1999,81709.0,2033.2,0.9831792248672044,False,False,4.0
2024,2,LineaC,Lavalle,2006,114263.0,2033.2,0.9866220735785953,False,False,5.0
2024,2,LineaC,Avenida de Mayo,2011,75002.0,2033.2,0.9890812512295888,False,False,6.0
2024,2,LineaC,Retiro,2031,600585.0,2033.2,0.9989179618335629,False,False,7.0
2024,2,LineaC,Constitucion,2033,1139677.0,2033.2,0.9999016328939603,False,False,8.0
2024,2,LineaC,Independencia,2034,75041.0,2033.2,1.0003934684241589,False,False,9.0
2024,2,LineaD,Bulnes,2,0.0,63.0,0.031746031746031744,True,False,1.0
2024,2,LineaD,Palermo,5,0.0,63.0,0.07936507936507936,True,False,2.0
2024,2,LineaD,Plaza Italia,6,0.0,63.0,0.09523809523809523,True,False,3.0
2024,2,LineaD,Olleros,8,8.0,63.0,0.12698412698412698,True,False,4.0
2024,2,LineaD,Callao,9,5.0,63.0,0.14285714285714285,True,False,5.0
2024,2,LineaD,Juramento,12,2.0,63.0,0.19047619047619047,True,False,6.0
2024,2,LineaD,Jose Hernandez,14,0.0,63.0,0.2222222222222222,True,False,7.0
2024,2,LineaD,Scalabrini Ortiz,15,1.0,63.0,0.23809523809523808,True,False,8.0
2024,2,LineaD,Pueyrredon.D,28,0.0,63.0,0.4444444444444444,True,False,9.0
2024,2,LineaD,Congreso de Tucuman,63,11.0,63.0,1.0,False,False,10.0
2024,2,LineaE,Medalla Milagrosa,1951,31927.0,2030.2,0.9609890651167372,False,False,1.0
2024,2,LineaE,Varela,1953,37053.0,2030.2,0.9619741897350015,False,False,2.0
2024,2,LineaE,Emilio Mitre,1972,71303.0,2030.2,0.9713328736085115,False,False,3.0
2024,2,LineaE,Pza. de los Virreyes,1982,136353.0,2030.2,0.9762584966998326,False,False,4.0
2024,2,LineaE,Pichincha,2008,42796.0,2030.2,0.9890651167372673,False,False,5.0
2024,2,LineaE,General Belgrano,2009,62332.0,2030.2,0.9895576790463994,False,False,6.0
2024,2,LineaE,Catalinas,2010,72894.0,2030.2,0.9900502413555314,False,False,7.0
2024,2,LineaE,Urquiza,2014,56014.0,2030.2,0.9920204905920599,False,False,8.0
2024,2,LineaE,San Jose,2016,41642.0,2030.2,0.993005615210324,False,False,9.0
2024,2,LineaE,Avenida La Plata,2018,83889.0,2030.2,0.9939907398285883,False,False,10.0
2024,2,LineaH,Facultad de Derecho,1972,70155.0,2053.9,0.9601246409270169,False,False,1.0
2024,2,LineaH,Las Heras,1987,146401.0,2053.9,0.967427820244413,False,False,2.0
2024,2,LineaH,Santa Fe,2011,217620.0,2053.9,0.9791129071522469,False,False,3.0
2024,2,LineaH,Hospitales,2015,209507.0,2053.9,0.9810604216368859,False,False,4.0
2024,2,LineaH,Cordoba,2033,124452.0,2053.9,0.9898242368177613,False,False,5.0
2024,2,LineaH,Corrientes,2035,74624.0,2053.9,0.9907979940600807,False,False,6.0
2024,2,LineaH,Inclan,2038,82780.0,2053.9,0.9922586299235601,False,False,7.0
2024,2,LineaH,Venezuela,2040,99842.0,2053.9,0.9932323871658795,False,False,8.0
2024,2,LineaH,Caseros,2050,104789.0,2053.9,0.998101173377477,False,False,9.0
2024,2,LineaH,Humberto I,2053,91534.0,2053.9,0.9995618092409562,False,False,10.0
2024,3,LineaA,Pasco,2067,56117.0,2171.3,0.9519642610417721,False,False,1.0
2024,3,LineaA,Alberti,2112,94222.0,2171.3,0.9726891723852069,False,False,2.0
2024,3,LineaA,Piedras,2113,112116.0,2171.3,0.9731497259706166,False,False,3.0
2024,3,LineaA,Plaza de Mayo,2113,301099.0,2171.3,0.9731497259706166,False,False,4.0
2024,3,LineaA,Peru,2121,173226.0,2171.3,0.9768341546538939,False,False,5.0
2024,3,LineaA,Carabobo,2129,206281.0,2171.3,0.9805185833371712,False,False,6.0
2024,3,LineaA,Saenz Peña,2131,152520.0,2171.3,0.9814396905079905,False,False,7.0
2024,3,LineaA,Flores,2132,218694.0,2171.3,0.9819002440934002,False,False,8.0
2024,3,LineaA,Lima,2134,139026.0,2171.3,0.9828213512642195,False,False,9.0
2024,3,LineaA,Congreso,2137,248807.0,2171.3,0.9842030120204485,False,False,10.0
2024,3,LineaB,Echeverria,2110,109859.0,2169.0,0.9727985246657446,False,False,1.0
2024,3,LineaB,Tronador,2134,115007.0,2169.0,0.9838635315813739,False,False,2.0
2024,3,LineaB,Los Incas,2136,166944.0,2169.0,0.9847856154910097,False,False,3.0
2024,3,LineaB,Rosas,2139,499355.0,2169.0,0.9861687413554634,False,False,4.0
2024,3,LineaB,Florida,2153,251859.0,2169.0,0.9926233287229138,False,False,5.0
2024,3,LineaB,Pasteur,2160,214445.0,2169.0,0.995850622406639,False,False,6.0
2024,3,LineaB,Malabia,2161,321543.0,2169.0,0.9963116643614569,False,False,7.0
2024,3,LineaB,Uruguay,2161,242149.0,2169.0,0.9963116643614569,False,False,8.0
2024,3,LineaB,Dorrego,2163,225781.0,2169.0,0.9972337482710927,False,False,9.0
2024,3,LineaB,Callao.B,2166,285901.0,2169.0,0.9986168741355463,False,False,10.0
2024,3,LineaC,Mariano Moreno,2133,103658.0,2169.2,0.9833118200258161,False,False,1.0
2024,3,LineaC,Diagonal Norte,2137,110973.0,2169.2,0.9851558178130188,False,False,2.0
2024,3,LineaC,San Juan,2138,80205.0,2169.2,0.9856168172598194,False,False,3.0
2024,3,LineaC,Lavalle,2143,143230.0,2169.2,0.9879218144938227,False,False,4.0
2024,3,LineaC,General San Martin,2151,106455.0,2169.2,0.991609810068228,False,False,5.0
2024,3,LineaC,Avenida de Mayo,2157,97637.0,2169.2,0.994375806749032,False,False,6.0
2024,3,LineaC,Constitucion,2166,1482881.0,2169.2,0.998524801770238,False,False,7.0
2024,3,LineaC,Independencia,2169,143273.0,2169.2,0.99990780011064,False,False,8.0
2024,3,LineaC,Retiro,2170,657507.0,2169.2,1.0003687995574406,False,False,9.0
2024,3,LineaD,Facultad de Medicina,13,0.0,1876.0,0.006929637526652452,True,False,1.0
2024,3,LineaD,Tribunales,1695,149091.0,1876.0,0.9035181236673774,False,False,2.0
2024,3,LineaD,Juramento,1734,236799.0,1876.0,0.9243070362473348,False,False,3.0
2024,3,LineaD,Jose Hernandez,1737,157688.0,1876.0,0.92590618336887,False,False,4.0
2024,3,LineaD,Olleros,1741,158995.0,1876.0,0.9280383795309168,False,False,5.0
2024,3,LineaD,Scalabrini Ortiz,1746,163391.0,1876.0,0.9307036247334755,False,False,6.0
2024,3,LineaD,Palermo,1753,249308.0,1876.0,0.9344349680170576,False,False,7.0
2024,3,LineaD,Bulnes,1765,217618.0,1876.0,0.9408315565031983,False,False,8.0
2024,3,LineaD,Agüero,1776,144437.0,1876.0,0.9466950959488273,False,False,9.0
2024,3,LineaD,Congreso de Tucuman,1811,375818.0,1876.0,0.9653518123667377,False,False,10.0
2024,3,LineaE,Medalla Milagrosa,2089,42514.0,2166.6,0.964183513338872,False,False,1.0
2024,3,LineaE,Varela,2091,48633.0,2166.6,0.9651066186651898,False,False,2.0
2024,3,LineaE,Pza. de los Virreyes,2116,172775.0,2166.6,0.9766454352441614,False,False,3.0
2024,3,LineaE,Emilio Mitre,2117,94812.0,2166.6,0.9771069879073203,False,False,4.0
2024,3,LineaE,General Belgrano,2128,80934.0,2166.6,0.9821840672020677,False,False,5.0
2024,3,LineaE,Catalinas,2145,87756.0,2166.6,0.9900304624757685,False,False,6.0
2024,3,LineaE,Pichincha,2146,53835.0,2166.6,0.9904920151389274,False,False,7.0
2024,3,LineaE,Jose Maria Moreno,2147,93004.0,2166.6,0.9909535678020862,False,False,8.0
2024,3,LineaE,Bolivar,2151,182080.0,2166.6,0.9927997784547217,False,False,9.0
2024,3,LineaE,Entre Rios,2153,91751.0,2166.6,0.9937228837810395,False,False,10.0
2024,3,LineaH,Facultad de Derecho,2151,121862.0,2186.9,0.9835840687731492,False,False,1.0
2024,3,LineaH,Las Heras,2163,197947.0,2186.9,0.9890712881247428,False,False,2.0
2024,3,LineaH,Hospitales,2169,263993.0,2186.9,0.9918148978005396,False,False,3.0
2024,3,LineaH,Inclan,2180,110870.0,2186.9,0.9968448488728336,False,False,4.0
2024,3,LineaH,Venezuela,2181,144304.0,2186.9,0.9973021171521331,False,False,5.0
2024,3,LineaH,Cordoba,2182,176679.0,2186.9,0.9977593854314326,False,False,6.0
2024,3,LineaH,Corrientes,2182,102098.0,2186.9,0.9977593854314326,False,False,7.0
2024,3,LineaH,Patricios,2184,194553.0,2186.9,0.9986739219900315,False,False,8.0
2024,3,LineaH,Humberto I,2185,121194.0,2186.9,0.999131190269331,False,False,9.0
2024,3,LineaH,Santa Fe,2186,250913.0,2186.9,0.9995884585486304,False,False,10.0
2024,4,LineaA,Flores,2052,191932.0,2114.3,0.970533982878494,False,False,1.0
2024,4,LineaA,Pasco,2073,54733.0,2114.3,0.98046634820035,False,False,2.0
2024,4,LineaA,Puan,2088,128212.0,2114.3,0.9875608948588185,False,False,3.0
2024,4,LineaA,Carabobo,2089,181165.0,2114.3,0.9880338646360497,False,False,4.0
2024,4,LineaA,San Pedrito,2095,469778.0,2114.3,0.9908716832994371,False,False,5.0
2024,4,LineaA,Congreso,2098,224560.0,2114.3,0.9922905926311307,False,False,6.0
2024,4,LineaA,Loria,2103,145055.0,2114.3,0.9946554415172869,False,False,7.0
2024,4,LineaA,Saenz Peña,2103,129712.0,2114.3,0.9946554415172869,False,False,8.0
2024,4,LineaA,Primera Junta,2105,227664.0,2114.3,0.9956013810717494,False,False,9.0
2024,4,LineaA,Peru,2106,151777.0,2114.3,0.9960743508489807,False,False,10.0
2024,4,LineaB,Pasteur,120,2495.0,2107.0,0.05695301376364499,True,False,1.0
2024,4,LineaB,Echeverria,2051,96410.0,2107.0,0.973421926910299,False,False,2.0
2024,4,LineaB,Tronador,2071,100198.0,2107.0,0.9829140958709065,False,False,3.0
2024,4,LineaB,Los Incas,2074,143027.0,2107.0,0.9843379212149976,False,False,4.0
2024,4,LineaB,Rosas,2089,449724.0,2107.0,0.9914570479354533,False,False,5.0
2024,4,LineaB,Florida,2093,199260.0,2107.0,0.9933554817275747,False,False,6.0
2024,4,LineaB,Malabia,2103,269038.0,2107.0,0.9981015662078785,False,False,7.0
2024,4,LineaB,Pueyrredon,2104,227460.0,2107.0,0.9985761746559089,False,False,8.0
2024,4,LineaB,Carlos Gardel,2105,223392.0,2107.0,0.9990507831039392,False,False,9.0
2024,4,LineaB,Dorrego,2105,191046.0,2107.0,0.9990507831039392,False,False,10.0
2024,4,LineaC,Diagonal Norte,2079,103000.0,2109.6,0.9854948805460751,False,False,1.0
2024,4,LineaC,Mariano Moreno,2079,100211.0,2109.6,0.9854948805460751,False,False,2.0
2024,4,LineaC,Lavalle,2080,130004.0,2109.6,0.9859689040576413,False,False,3.0
2024,4,LineaC,San Juan,2088,86556.0,2109.6,0.9897610921501707,False,False,4.0
2024,4,LineaC,Avenida de Mayo,2089,83187.0,2109.6,0.9902351156617368,False,False,5.0
2024,4,LineaC,General San Martin,2095,99369.0,2109.6,0.993079256731134,False,False,6.0
2024,4,LineaC,Retiro,2105,582741.0,2109.6,0.9978194918467956,False,False,7.0
2024,4,LineaC,Constitucion,2109,1470992.0,2109.6,0.9997155858930603,False,False,8.0
2024,4,LineaC,Independencia,2112,128723.0,2109.6,1.0011376564277588,False,False,9.0
2024,4,LineaD,Juramento,2071,252987.0,2113.0,0.9801230477993375,False,False,1.0
2024,4,LineaD,9 de julio,2075,70190.0,2113.0,0.9820160908660672,False,False,2.0
2024,4,LineaD,Tribunales,2086,168216.0,2113.0,0.987221959299574,False,False,3.0
2024,4,LineaD,Jose Hernandez,2091,173784.0,2113.0,0.9895882631329863,False,False,4.0
2024,4,LineaD,Scalabrini Ortiz,2101,177106.0,2113.0,0.9943208707998107,False,False,5.0
2024,4,LineaD,Olleros,2103,179411.0,2113.0,0.9952673923331756,False,False,6.0
2024,4,LineaD,Congreso de Tucuman,2106,461502.0,2113.0,0.9966871746332229,False,False,7.0
2024,4,LineaD,Pueyrredon.D,2107,123343.0,2113.0,0.9971604353999054,False,False,8.0
2024,4,LineaD,Ministro Carranza,2108,173671.0,2113.0,0.9976336961665878,False,False,9.0
2024,4,LineaD,Bulnes,2109,231162.0,2113.0,0.9981069569332702,False,False,10.0
2024,4,LineaE,Varela,2033,45392.0,2107.3,0.964741612489916,False,False,1.0
2024,4,LineaE,Medalla Milagrosa,2048,39118.0,2107.3,0.9718597257153703,False,False,2.0
2024,4,LineaE,Pza. de los Virreyes,2050,170682.0,2107.3,0.9728088074787642,False,False,3.0
2024,4,LineaE,Emilio Mitre,2056,87547.0,2107.3,0.975656052768946,False,False,4.0
2024,4,LineaE,Pichincha,2084,46444.0,2107.3,0.9889431974564608,False,False,5.0
2024,4,LineaE,General Belgrano,2086,71269.0,2107.3,0.9898922792198547,False,False,6.0
2024,4,LineaE,Catalinas,2087,83711.0,2107.3,0.9903668201015516,False,False,7.0
2024,4,LineaE,Jose Maria Moreno,2091,83310.0,2107.3,0.9922649836283395,False,False,8.0
2024,4,LineaE,Urquiza,2094,74614.0,2107.3,0.9936886062734304,False,False,9.0
2024,4,LineaE,Jujuy,2100,51121.0,2107.3,0.9965358515636121,False,False,10.0
2024,4,LineaH,Facultad de Derecho,2097,139089.0,2128.9,0.9850157358260134,False,False,1.0
2024,4,LineaH,Las Heras,2111,183044.0,2128.9,0.99159190192118,False,False,2.0
2024,4,LineaH,Hospitales,2114,261178.0,2128.9,0.9930010803701441,False,False,3.0
2024,4,LineaH,Venezuela,2115,127565.0,2128.9,0.9934708065197989,False,False,4.0
2024,4,LineaH,Cordoba,2122,156658.0,2128.9,0.9967588895673821,False,False,5.0
2024,4,LineaH,Inclan,2127,94741.0,2128.9,0.999107520315656,False,False,6.0
2024,4,LineaH,Caseros,2128,129679.0,2128.9,0.9995772464653107,False,False,7.0
2024,4,LineaH,Corrientes,2128,93815.0,2128.9,0.9995772464653107,False,False,8.0
2024,4,LineaH,Patricios,2128,174748.0,2128.9,0.9995772464653107,False,False,9.0
2024,4,LineaH,Santa Fe,2128,201451.0,2128.9,0.9995772464653107,False,False,10.0
2024,5,LineaA,Flores,2071,187727.0,2112.0,0.9805871212121212,False,False,1.0
2024,5,LineaA,Pasco,2071,45429.0,2112.0,0.9805871212121212,False,False,2.0
2024,5,LineaA,San Pedrito,2084,490534.0,2112.0,0.9867424242424242,False,False,3.0
2024,5,LineaA,Puan,2088,121795.0,2112.0,0.9886363636363636,False,False,4.0
2024,5,LineaA,Carabobo,2094,172677.0,2112.0,0.9914772727272727,False,False,5.0
2024,5,LineaA,Piedras,2096,97156.0,2112.0,0.9924242424242424,False,False,6.0
2024,5,LineaA,Peru,2097,149357.0,2112.0,0.9928977272727273,False,False,7.0
2024,5,LineaA,Primera Junta,2106,216813.0,2112.0,0.9971590909090909,False,False,8.0
2024,5,LineaA,Alberti,2107,77222.0,2112.0,0.9976325757575758,False,False,9.0
2024,5,LineaA,Rio de Janeiro,2107,171439.0,2112.0,0.9976325757575758,False,False,10.0
2024,5,LineaB,Echeverria,2051,97032.0,2112.5,0.970887573964497,False,False,1.0
2024,5,LineaB,Los Incas,2061,141854.0,2112.5,0.9756213017751479,False,False,2.0
2024,5,LineaB,Tronador,2072,98952.0,2112.5,0.9808284023668639,False,False,3.0
2024,5,LineaB,Rosas,2092,450736.0,2112.5,0.9902958579881657,False,False,4.0
2024,5,LineaB,Florida,2093,200235.0,2112.5,0.9907692307692307,False,False,5.0
2024,5,LineaB,Dorrego,2107,183062.0,2112.5,0.997396449704142,False,False,6.0
2024,5,LineaB,Leandro N. Alem,2107,307637.0,2112.5,0.997396449704142,False,False,7.0
2024,5,LineaB,Uruguay,2107,181833.0,2112.5,0.997396449704142,False,False,8.0
2024,5,LineaB,Angel Gallardo,2108,216089.0,2112.5,0.9978698224852071,False,False,9.0
2024,5,LineaB,Callao.B,2108,264493.0,2112.5,0.9978698224852071,False,False,10.0
2024,5,LineaC,Diagonal Norte,2056,86552.0,2101.2,0.9784884827717496,False,False,1.0
2024,5,LineaC,Mariano Moreno,2067,82636.0,2101.2,0.9837235865219875,False,False,2.0
2024,5,LineaC,Lavalle,2070,108717.0,2101.2,0.9851513420902342,False,False,3.0
2024,5,LineaC,General San Martin,2072,82767.0,2101.2,0.9861031791357321,False,False,4.0
2024,5,LineaC,Avenida de Mayo,2076,70005.0,2101.2,0.9880068532267277,False,False,5.0
2024,5,LineaC,San Juan,2078,82468.0,2101.2,0.9889586902722255,False,False,6.0
2024,5,LineaC,Retiro,2095,494350.0,2101.2,0.9970493051589568,False,False,7.0
2024,5,LineaC,Independencia,2100,103554.0,2101.2,0.9994288977727014,False,False,8.0
2024,5,LineaC,Constitucion,2106,1305598.0,2101.2,1.002284408909195,False,False,9.0
2024,5,LineaD,9 de julio,2056,68260.0,2113.5,0.9727939436952922,False,False,1.0
2024,5,LineaD,Juramento,2075,235698.0,2113.5,0.9817837709959782,False,False,2.0
2024,5,LineaD,Jose Hernandez,2082,161958.0,2113.5,0.9850958126330731,False,False,3.0
2024,5,LineaD,Tribunales,2084,154960.0,2113.5,0.9860421102436716,False,False,4.0
2024,5,LineaD,Olleros,2088,164417.0,2113.5,0.9879347054648687,False,False,5.0
2024,5,LineaD,Congreso de Tucuman,2096,449821.0,2113.5,0.9917198959072628,False,False,6.0
2024,5,LineaD,Pueyrredon.D,2103,109624.0,2113.5,0.9950319375443577,False,False,7.0
2024,5,LineaD,Scalabrini Ortiz,2106,160754.0,2113.5,0.9964513839602555,False,False,8.0
2024,5,LineaD,Ministro Carranza,2107,160811.0,2113.5,0.9969245327655548,False,False,9.0
2024,5,LineaD,Agüero,2109,138800.0,2113.5,0.9978708303761533,False,False,10.0
2024,5,LineaE,Varela,2025,44507.0,2104.3,0.9623152592310982,False,False,1.0
2024,5,LineaE,Medalla Milagrosa,2029,37179.0,2104.3,0.964216128878962,False,False,2.0
2024,5,LineaE,Emilio Mitre,2049,84650.0,2104.3,0.9737204771182816,False,False,3.0
2024,5,LineaE,Pza. de los Virreyes,2056,170300.0,2104.3,0.9770469990020434,False,False,4.0
2024,5,LineaE,Catalinas,2064,83481.0,2104.3,0.9808487382977712,False,False,5.0
2024,5,LineaE,Pichincha,2074,41473.0,2104.3,0.9856009124174309,False,False,6.0
2024,5,LineaE,General Belgrano,2082,64244.0,2104.3,0.9894026517131587,False,False,7.0
2024,5,LineaE,Urquiza,2085,67097.0,2104.3,0.9908283039490566,False,False,8.0
2024,5,LineaE,Entre Rios,2094,72967.0,2104.3,0.9951052606567504,False,False,9.0
2024,5,LineaE,Jose Maria Moreno,2096,81855.0,2104.3,0.9960556954806823,False,False,10.0
2024,5,LineaH,Facultad de Derecho,2079,127141.0,2117.0,0.9820500708549834,False,False,1.0
2024,5,LineaH,Hospitales,2085,254932.0,2117.0,0.9848842701936703,False,False,2.0
2024,5,LineaH,Las Heras,2088,165836.0,2117.0,0.9863013698630136,False,False,3.0
2024,5,LineaH,Venezuela,2095,111004.0,2117.0,0.9896079357581483,False,False,4.0
2024,5,LineaH,Corrientes,2102,86227.0,2117.0,0.992914501653283,False,False,5.0
2024,5,LineaH,Inclan,2104,91895.0,2117.0,0.9938592347661785,False,False,6.0
2024,5,LineaH,Cordoba,2105,141751.0,2117.0,0.9943316013226263,False,False,7.0
2024,5,LineaH,Patricios,2114,163124.0,2117.0,0.9985829003306566,False,False,8.0
2024,5,LineaH,Caseros,2116,122236.0,2117.0,0.9995276334435522,False,False,9.0
2024,5,LineaH,Humberto I,2117,99829.0,2117.0,1.0,False,False,10.0
2024,6,LineaA,Pasco,2007,32749.0,2079.2,0.9652751058099269,False,False,1.0
2024,6,LineaA,Flores,2027,151568.0,2079.2,0.9748941900731051,False,False,2.0
2024,6,LineaA,Piedras,2033,71457.0,2079.2,0.9777799153520585,False,False,3.0
2024,6,LineaA,Carabobo,2048,135107.0,2079.2,0.9849942285494422,False,False,4.0
2024,6,LineaA,Puan,2059,88341.0,2079.2,0.9902847248941902,False,False,5.0
2024,6,LineaA,Alberti,2061,61895.0,2079.2,0.991246633320508,False,False,6.0
2024,6,LineaA,Peru,2065,115912.0,2079.2,0.9931704501731436,False,False,7.0
2024,6,LineaA,Saenz Peña,2068,92793.0,2079.2,0.9946133128126203,False,False,8.0
2024,6,LineaA,San Pedrito,2069,416537.0,2079.2,0.9950942670257792,False,False,9.0
2024,6,LineaA,Castro Barros,2070,109202.0,2079.2,0.9955752212389382,False,False,10.0
2024,6,LineaB,Echeverria,2006,71423.0,2078.5,0.9651190762569161,False,False,1.0
2024,6,LineaB,Tronador,2034,69970.0,2078.5,0.9785903295645898,False,False,2.0
2024,6,LineaB,Los Incas,2037,111729.0,2078.5,0.9800336781332691,False,False,3.0
2024,6,LineaB,Florida,2046,149936.0,2078.5,0.9843637238393071,False,False,4.0
2024,6,LineaB,Callao.B,2055,212251.0,2078.5,0.9886937695453452,False,False,5.0
2024,6,LineaB,Malabia,2055,195384.0,2078.5,0.9886937695453452,False,False,6.0
2024,6,LineaB,Rosas,2056,368068.0,2078.5,0.989174885734905,False,False,7.0
2024,6,LineaB,Angel Gallardo,2058,159840.0,2078.5,0.9901371181140245,False,False,8.0
2024,6,LineaB,Carlos Gardel,2061,194061.0,2078.5,0.9915804666827038,False,False,9.0
2024,6,LineaB,Uruguay,2061,147800.0,2078.5,0.9915804666827038,False,False,10.0
2024,6,LineaC,Mariano Moreno,2030,58919.0,2078.2,0.9768068520835339,False,False,1.0
2024,6,LineaC,Lavalle,2032,80705.0,2078.2,0.9777692233663748,False,False,2.0
2024,6,LineaC,Diagonal Norte,2034,62998.0,2078.2,0.9787315946492158,False,False,3.0
2024,6,LineaC,General San Martin,2038,61574.0,2078.2,0.9806563372148976,False,False,4.0
2024,6,LineaC,Avenida de Mayo,2050,54222.0,2078.2,0.9864305649119431,False,False,5.0
2024,6,LineaC,San Juan,2057,62132.0,2078.2,0.9897988644018864,False,False,6.0
2024,6,LineaC,Constitucion,2073,1175806.0,2078.2,0.9974978346646137,False,False,7.0
2024,6,LineaC,Independencia,2078,73159.0,2078.2,0.999903762871716,False,False,8.0
2024,6,LineaC,Retiro,2079,407660.0,2078.2,1.0003849485131364,False,False,9.0
2024,6,LineaD,9 de julio,1997,52325.0,2080.5,0.9598654169670752,False,False,1.0
2024,6,LineaD,Juramento,2033,184495.0,2080.5,0.9771689497716894,False,False,2.0
2024,6,LineaD,Tribunales,2036,117610.0,2080.5,0.9786109108387406,False,False,3.0
2024,6,LineaD,Jose Hernandez,2042,123144.0,2080.5,0.981494832972843,False,False,4.0
2024,6,LineaD,Olleros,2049,121976.0,2080.5,0.9848594087959625,False,False,5.0
2024,6,LineaD,Pueyrredon.D,2064,77883.0,2080.5,0.9920692141312184,False,False,6.0
2024,6,LineaD,Congreso de Tucuman,2067,343992.0,2080.5,0.9935111751982696,False,False,7.0
2024,6,LineaD,Scalabrini Ortiz,2068,117444.0,2080.5,0.9939918288872867,False,False,8.0
2024,6,LineaD,Bulnes,2071,159047.0,2080.5,0.9954337899543378,False,False,9.0
2024,6,LineaD,Facultad de Medicina,2072,196311.0,2080.5,0.9959144436433549,False,False,10.0
2024,6,LineaE,Varela,1980,34151.0,2074.3,0.9545388805862218,False,False,1.0
2024,6,LineaE,Medalla Milagrosa,1990,27771.0,2074.3,0.959359784023526,False,False,2.0
2024,6,LineaE,Emilio Mitre,2016,63398.0,2074.3,0.9718941329605167,False,False,3.0
2024,6,LineaE,Catalinas,2019,61971.0,2074.3,0.973340403991708,False,False,4.0
2024,6,LineaE,Pza. de los Virreyes,2027,138136.0,2074.3,0.9771971267415512,False,False,5.0
2024,6,LineaE,Pichincha,2028,30479.0,2074.3,0.9776792170852817,False,False,6.0
2024,6,LineaE,Urquiza,2038,46648.0,2074.3,0.9825001205225858,False,False,7.0
2024,6,LineaE,General Belgrano,2045,48906.0,2074.3,0.9858747529286987,False,False,8.0
2024,6,LineaE,San Jose,2048,39917.0,2074.3,0.98732102395989,False,False,9.0
2024,6,LineaE,Boedo,2055,67723.0,2074.3,0.9906956563660029,False,False,10.0
2024,6,LineaH,Facultad de Derecho,2048,86821.0,2089.8,0.9799980859412383,False,False,1.0
2024,6,LineaH,Hospitales,2060,206118.0,2089.8,0.9857402622260503,False,False,2.0
2024,6,LineaH,Las Heras,2065,128956.0,2089.8,0.9881328356780552,False,False,3.0
2024,6,LineaH,Corrientes,2068,63842.0,2089.8,0.9895683797492583,False,False,4.0
2024,6,LineaH,Venezuela,2071,84386.0,2089.8,0.9910039238204612,False,False,5.0
2024,6,LineaH,Cordoba,2074,96312.0,2089.8,0.9924394678916642,False,False,6.0
2024,6,LineaH,Patricios,2078,147233.0,2089.8,0.9943535266532681,False,False,7.0
2024,6,LineaH,Inclan,2083,72012.0,2089.8,0.9967461001052731,False,False,8.0
2024,6,LineaH,Caseros,2085,90986.0,2089.8,0.9977031294860751,False,False,9.0
2024,6,LineaH,Humberto I,2088,77054.0,2089.8,0.9991386735572781,False,False,10.0
2024,7,LineaA,Pasco,2085,44950.0,2190.6,0.9517940290331417,False,False,1.0
2024,7,LineaA,San Pedrito,2143,590499.0,2190.6,0.9782707933899388,False,False,2.0
2024,7,LineaA,Flores,2145,209948.0,2190.6,0.9791837852643112,False,False,3.0
2024,7,LineaA,Puan,2146,111745.0,2190.6,0.9796402812014974,False,False,4.0
2024,7,LineaA,Alberti,2156,79518.0,2190.6,0.9842052405733589,False,False,5.0
2024,7,LineaA,Carabobo,2160,181763.0,2190.6,0.9860312243221035,False,False,6.0
2024,7,LineaA,Primera Junta,2161,225267.0,2190.6,0.9864877202592898,False,False,7.0
2024,7,LineaA,Piedras,2172,99840.0,2190.6,0.9915091755683375,False,False,8.0
2024,7,LineaA,Peru,2177,166022.0,2190.6,0.9937916552542683,False,False,9.0
2024,7,LineaA,Acoyte,2182,236491.0,2190.6,0.996074134940199,False,False,10.0
2024,7,LineaB,Pasteur,969,61642.0,2179.4,0.44461778471138846,True,False,1.0
2024,7,LineaB,Echeverria,2104,97133.0,2179.4,0.9654033220152335,False,False,2.0
2024,7,LineaB,Los Incas,2131,145904.0,2179.4,0.9777920528585848,False,False,3.0
2024,7,LineaB,Rosas,2131,469201.0,2179.4,0.9777920528585848,False,False,4.0
2024,7,LineaB,Florida,2138,235188.0,2179.4,0.9810039460401945,False,False,5.0
2024,7,LineaB,Tronador,2140,90899.0,2179.4,0.9819216298063687,False,False,6.0
2024,7,LineaB,Angel Gallardo,2164,213627.0,2179.4,0.9929338350004588,False,False,7.0
2024,7,LineaB,Federico Lacroze,2167,469832.0,2179.4,0.9943103606497201,False,False,8.0
2024,7,LineaB,Dorrego,2171,206411.0,2179.4,0.9961457281820684,False,False,9.0
2024,7,LineaB,Malabia,2175,293577.0,2179.4,0.9979810957144167,False,False,10.0
2024,7,LineaC,Mariano Moreno,2118,81162.0,2173.4,0.9745099843563081,False,False,1.0
2024,7,LineaC,General San Martin,2125,89044.0,2173.4,0.9777307444556915,False,False,2.0
2024,7,LineaC,Lavalle,2138,110071.0,2173.4,0.9837121560688322,False,False,3.0
2024,7,LineaC,Diagonal Norte,2139,88295.0,2173.4,0.9841722646544584,False,False,4.0
2024,7,LineaC,Avenida de Mayo,2149,74480.0,2173.4,0.9887733505107205,False,False,5.0
2024,7,LineaC,San Juan,2154,79359.0,2173.4,0.9910738934388515,False,False,6.0
2024,7,LineaC,Constitucion,2167,1611980.0,2173.4,0.9970553050519922,False,False,7.0
2024,7,LineaC,Independencia,2170,91834.0,2173.4,0.9984356308088709,False,False,8.0
2024,7,LineaC,Retiro,2187,559786.0,2173.4,1.0062574767645165,False,False,9.0
2024,7,LineaD,Tribunales,2123,171510.0,2177.0,0.9751952227836472,False,False,1.0
2024,7,LineaD,Pueyrredon.D,2129,117031.0,2177.0,0.9779513091410198,False,False,2.0
2024,7,LineaD,Bulnes,2139,243865.0,2177.0,0.9825447864033073,False,False,3.0
2024,7,LineaD,Jose Hernandez,2141,176567.0,2177.0,0.9834634818557648,False,False,4.0
2024,7,LineaD,Congreso de Tucuman,2142,463665.0,2177.0,0.9839228295819936,False,False,5.0
2024,7,LineaD,9 de julio,2144,80365.0,2177.0,0.9848415250344511,False,False,6.0
2024,7,LineaD,Juramento,2145,283535.0,2177.0,0.9853008727606798,False,False,7.0
2024,7,LineaD,Agüero,2151,145977.0,2177.0,0.9880569591180524,False,False,8.0
2024,7,LineaD,Facultad de Medicina,2156,237337.0,2177.0,0.9903536977491961,False,False,9.0
2024,7,LineaD,Olleros,2161,170431.0,2177.0,0.9926504363803399,False,False,10.0
2024,7,LineaE,Medalla Milagrosa,2094,35443.0,2178.7,0.9611236058199845,False,False,1.0
2024,7,LineaE,Varela,2099,43044.0,2178.7,0.9634185523477303,False,False,2.0
2024,7,LineaE,Catalinas,2120,90270.0,2178.7,0.9730573277642631,False,False,3.0
2024,7,LineaE,Emilio Mitre,2121,79323.0,2178.7,0.9735163170698123,False,False,4.0
2024,7,LineaE,Pza. de los Virreyes,2124,178154.0,2178.7,0.9748932849864599,False,False,5.0
2024,7,LineaE,Jose Maria Moreno,2142,77117.0,2178.7,0.9831550924863451,False,False,6.0
2024,7,LineaE,Urquiza,2147,57076.0,2178.7,0.985450039014091,False,False,7.0
2024,7,LineaE,Pichincha,2155,40908.0,2178.7,0.9891219534584845,False,False,8.0
2024,7,LineaE,General Belgrano,2156,65572.0,2178.7,0.9895809427640336,False,False,9.0
2024,7,LineaE,San Jose,2164,43264.0,2178.7,0.9932528572084272,False,False,10.0
2024,7,LineaH,Facultad de Derecho,2133,101038.0,2205.5,0.9671276354568125,False,False,1.0
2024,7,LineaH,Hospitales,2173,273286.0,2205.5,0.9852641124461573,False,False,2.0
2024,7,LineaH,Corrientes,2183,94949.0,2205.5,0.9897982316934936,False,False,3.0
2024,7,LineaH,Las Heras,2188,194030.0,2205.5,0.9920652913171616,False,False,4.0
2024,7,LineaH,Caseros,2189,119681.0,2205.5,0.9925187032418953,False,False,5.0
2024,7,LineaH,Cordoba,2190,123446.0,2205.5,0.9929721151666289,False,False,6.0
2024,7,LineaH,Venezuela,2192,113046.0,2205.5,0.9938789390160961,False,False,7.0
2024,7,LineaH,Inclan,2195,96018.0,2205.5,0.995239174790297,False,False,8.0
2024,7,LineaH,Patricios,2198,189403.0,2205.5,0.9965994105644979,False,False,9.0
2024,7,LineaH,Santa Fe,2201,197121.0,2205.5,0.9979596463386987,False,False,10.0
2024,8,LineaA,Pasco,2119,45863.0,2201.0,0.9627442071785552,False,False,1.0
2024,8,LineaA,Flores,2153,229536.0,2201.0,0.9781917310313494,False,False,2.0
2024,8,LineaA,Puan,2163,134891.0,2201.0,0.9827351203998183,False,False,3.0
2024,8,LineaA,Piedras,2168,104527.0,2201.0,0.9850068150840527,False,False,4.0
2024,8,LineaA,Carabobo,2177,194493.0,2201.0,0.9890958655156747,False,False,5.0
2024,8,LineaA,Primera Junta,2179,247636.0,2201.0,0.9900045433893685,False,False,6.0
2024,8,LineaA,Alberti,2180,86939.0,2201.0,0.9904588823262154,False,False,7.0
2024,8,LineaA,Peru,2180,166176.0,2201.0,0.9904588823262154,False,False,8.0
2024,8,LineaA,San Pedrito,2180,552969.0,2201.0,0.9904588823262154,False,False,9.0
2024,8,LineaA,Saenz Peña,2184,127732.0,2201.0,0.9922762380736029,False,False,10.0
2024,8,LineaB,Echeverria,2129,108865.0,2196.4,0.9693134219632125,False,False,1.0
2024,8,LineaB,Florida,2155,243403.0,2196.4,0.9811509743216171,False,False,2.0
2024,8,LineaB,Los Incas,2158,151921.0,2196.4,0.9825168457475869,False,False,3.0
2024,8,LineaB,Tronador,2158,94272.0,2196.4,0.9825168457475869,False,False,4.0
2024,8,LineaB,Pasteur,2179,162666.0,2196.4,0.9920779457293754,False,False,5.0
2024,8,LineaB,Rosas,2187,494106.0,2196.4,0.9957202695319614,False,False,6.0
2024,8,LineaB,Angel Gallardo,2188,242603.0,2196.4,0.9961755600072846,False,False,7.0
2024,8,LineaB,Malabia,2188,308023.0,2196.4,0.9961755600072846,False,False,8.0
2024,8,LineaB,Pueyrredon,2188,200120.0,2196.4,0.9961755600072846,False,False,9.0
2024,8,LineaB,Callao.B,2189,282187.0,2196.4,0.9966308504826079,False,False,10.0
2024,8,LineaC,Diagonal Norte,2142,87645.0,2199.4,0.973901973265436,False,False,1.0
2024,8,LineaC,Lavalle,2161,114531.0,2199.4,0.9825406929162498,False,False,2.0
2024,8,LineaC,General San Martin,2162,88154.0,2199.4,0.9829953623715558,False,False,3.0
2024,8,LineaC,Mariano Moreno,2163,88476.0,2199.4,0.9834500318268619,False,False,4.0
2024,8,LineaC,San Juan,2172,90736.0,2199.4,0.9875420569246157,False,False,5.0
2024,8,LineaC,Avenida de Mayo,2177,74268.0,2199.4,0.9898154042011458,False,False,6.0
2024,8,LineaC,Constitucion,2197,1603583.0,2199.4,0.9989087933072656,False,False,7.0
2024,8,LineaC,Retiro,2199,560230.0,2199.4,0.9998181322178775,False,False,8.0
2024,8,LineaC,Independencia,2201,125300.0,2199.4,1.0007274711284895,False,False,9.0
2024,8,LineaD,Tribunales,2151,186836.0,2196.5,0.9792852264966992,False,False,1.0
2024,8,LineaD,Juramento,2156,270337.0,2196.5,0.9815615752333258,False,False,2.0
2024,8,LineaD,Jose Hernandez,2157,189332.0,2196.5,0.982016844980651,False,False,3.0
2024,8,LineaD,9 de julio,2165,81922.0,2196.5,0.9856590029592533,False,False,4.0
2024,8,LineaD,Olleros,2170,184943.0,2196.5,0.9879353516958798,False,False,5.0
2024,8,LineaD,Pueyrredon.D,2177,121647.0,2196.5,0.9911222399271569,False,False,6.0
2024,8,LineaD,Congreso de Tucuman,2179,496070.0,2196.5,0.9920327794218075,False,False,7.0
2024,8,LineaD,Scalabrini Ortiz,2181,175556.0,2196.5,0.992943318916458,False,False,8.0
2024,8,LineaD,Agüero,2182,151271.0,2196.5,0.9933985886637833,False,False,9.0
2024,8,LineaD,Bulnes,2183,246332.0,2196.5,0.9938538584111086,False,False,10.0
2024,8,LineaE,Varela,2110,47330.0,2193.3,0.9620206994027264,False,False,1.0
2024,8,LineaE,Emilio Mitre,2119,86820.0,2193.3,0.9661241052295627,False,False,2.0
2024,8,LineaE,Medalla Milagrosa,2119,40046.0,2193.3,0.9661241052295627,False,False,3.0
2024,8,LineaE,Pza. de los Virreyes,2136,187137.0,2193.3,0.9738749829024756,False,False,4.0
2024,8,LineaE,Catalinas,2139,91662.0,2193.3,0.9752427848447544,False,False,5.0
2024,8,LineaE,General Belgrano,2154,70621.0,2193.3,0.9820817945561482,False,False,6.0
2024,8,LineaE,Jose Maria Moreno,2164,87848.0,2193.3,0.986641134363744,False,False,7.0
2024,8,LineaE,Urquiza,2165,64519.0,2193.3,0.9870970683445036,False,False,8.0
2024,8,LineaE,Pichincha,2167,44712.0,2193.3,0.9880089363060228,False,False,9.0
2024,8,LineaE,Entre Rios,2168,71716.0,2193.3,0.9884648702867824,False,False,10.0
2024,8,LineaH,Facultad de Derecho,2173,123247.0,2208.9,0.9837475666621395,False,False,1.0
2024,8,LineaH,Corrientes,2180,84329.0,2208.9,0.986916564806012,False,False,2.0
2024,8,LineaH,Hospitales,2183,278217.0,2208.9,0.9882747068676716,False,False,3.0
2024,8,LineaH,Patricios,2183,200222.0,2208.9,0.9882747068676716,False,False,4.0
2024,8,LineaH,Venezuela,2188,119519.0,2208.9,0.9905382769704377,False,False,5.0
2024,8,LineaH,Las Heras,2195,190040.0,2208.9,0.9937072751143102,False,False,6.0
2024,8,LineaH,Caseros,2196,126289.0,2208.9,0.9941599891348635,False,False,7.0
2024,8,LineaH,Cordoba,2206,135531.0,2208.9,0.9986871293403956,False,False,8.0
2024,8,LineaH,Once,2207,260349.0,2208.9,0.9991398433609489,False,False,9.0
2024,8,LineaH,Humberto I,2208,104986.0,2208.9,0.9995925573815021,False,False,10.0
2024,9,LineaA,Alberti,2002,80187.0,2119.9,0.9443841690645784,False,False,1.0
2024,9,LineaA,Pasco,2042,43471.0,2119.9,0.9632529836313033,False,False,2.0
2024,9,LineaA,Flores,2063,216928.0,2119.9,0.9731591112788338,False,False,3.0
2024,9,LineaA,Piedras,2082,91082.0,2119.9,0.9821217981980281,False,False,4.0
2024,9,LineaA,Puan,2090,128431.0,2119.9,0.9858955611113731,False,False,5.0
2024,9,LineaA,Rio de Janeiro,2091,164733.0,2119.9,0.9863672814755412,False,False,6.0
2024,9,LineaA,Congreso,2098,198455.0,2119.9,0.9896693240247181,False,False,7.0
2024,9,LineaA,Peru,2098,155386.0,2119.9,0.9896693240247181,False,False,8.0
2024,9,LineaA,Castro Barros,2101,139473.0,2119.9,0.9910844851172225,False,False,9.0
2024,9,LineaA,San Pedrito,2104,531042.0,2119.9,0.9924996462097269,False,False,10.0
2024,9,LineaB,Tronador,2068,89046.0,2122.4,0.9743686392762909,False,False,1.0
2024,9,LineaB,Echeverria,2071,106743.0,2122.4,0.9757821334338485,False,False,2.0
2024,9,LineaB,Los Incas,2087,150335.0,2122.4,0.9833207689408217,False,False,3.0
2024,9,LineaB,Florida,2094,228758.0,2122.4,0.9866189219751225,False,False,4.0
2024,9,LineaB,Rosas,2106,489906.0,2122.4,0.9922728986053524,False,False,5.0
2024,9,LineaB,Callao.B,2111,263539.0,2122.4,0.9946287222012815,False,False,6.0
2024,9,LineaB,Pueyrredon,2111,190280.0,2122.4,0.9946287222012815,False,False,7.0
2024,9,LineaB,Pasteur,2115,159839.0,2122.4,0.9965133810780248,False,False,8.0
2024,9,LineaB,Angel Gallardo,2116,246909.0,2122.4,0.9969845457972106,False,False,9.0
2024,9,LineaB,Federico Lacroze,2118,467925.0,2122.4,0.9979268752355823,False,False,10.0
2024,9,LineaC,Diagonal Norte,2064,84287.0,2120.2,0.9734930666918216,False,False,1.0
2024,9,LineaC,General San Martin,2065,78318.0,2120.2,0.9739647203094048,False,False,2.0
2024,9,LineaC,San Juan,2069,84031.0,2120.2,0.9758513347797378,False,False,3.0
2024,9,LineaC,Lavalle,2084,107215.0,2120.2,0.9829261390434866,False,False,4.0
2024,9,LineaC,Avenida de Mayo,2100,72730.0,2120.2,0.9904725969248185,False,False,5.0
2024,9,LineaC,Mariano Moreno,2100,84841.0,2120.2,0.9904725969248185,False,False,6.0
2024,9,LineaC,Constitucion,2117,1571707.0,2120.2,0.9984907084237337,False,False,7.0
2024,9,LineaC,Independencia,2120,109436.0,2120.2,0.9999056692764834,False,False,8.0
2024,9,LineaC,Retiro,2121,555401.0,2120.2,1.0003773228940667,False,False,9.0
2024,9,LineaD,Juramento,2066,275176.0,2122.0,0.9736098020735156,False,False,1.0
2024,9,LineaD,Olleros,2083,180523.0,2122.0,0.9816211121583411,False,False,2.0
2024,9,LineaD,9 de julio,2084,77424.0,2122.0,0.9820923656927427,False,False,3.0
2024,9,LineaD,Jose Hernandez,2085,185779.0,2122.0,0.9825636192271442,False,False,4.0
2024,9,LineaD,Tribunales,2086,178992.0,2122.0,0.9830348727615457,False,False,5.0
2024,9,LineaD,Scalabrini Ortiz,2099,183135.0,2122.0,0.9891611687087654,False,False,6.0
2024,9,LineaD,Congreso de Tucuman,2101,485002.0,2122.0,0.9901036757775683,False,False,7.0
2024,9,LineaD,Palermo,2103,299826.0,2122.0,0.9910461828463714,False,False,8.0
2024,9,LineaD,Bulnes,2104,240432.0,2122.0,0.9915174363807728,False,False,9.0
2024,9,LineaD,Pueyrredon.D,2104,119466.0,2122.0,0.9915174363807728,False,False,10.0
2024,9,LineaE,Medalla Milagrosa,2018,39283.0,2118.1,0.9527406638024645,False,False,1.0
2024,9,LineaE,Varela,2024,46679.0,2118.1,0.9555733912468722,False,False,2.0
2024,9,LineaE,San Jose,2040,58277.0,2118.1,0.9631273310986261,False,False,3.0
2024,9,LineaE,Pza. de los Virreyes,2067,182461.0,2118.1,0.975874604598461,False,False,4.0
2024,9,LineaE,Emilio Mitre,2072,86735.0,2118.1,0.978235210802134,False,False,5.0
2024,9,LineaE,Catalinas,2078,88277.0,2118.1,0.9810679382465417,False,False,6.0
2024,9,LineaE,Urquiza,2084,63862.0,2118.1,0.9839006656909495,False,False,7.0
2024,9,LineaE,Pichincha,2092,42567.0,2118.1,0.9876776356168264,False,False,8.0
2024,9,LineaE,General Belgrano,2097,69725.0,2118.1,0.9900382418204996,False,False,9.0
2024,9,LineaE,Entre Rios,2104,68884.0,2118.1,0.9933430905056418,False,False,10.0
2024,9,LineaH,Cordoba,2088,150135.0,2142.7,0.974471461240491,False,False,1.0
2024,9,LineaH,Facultad de Derecho,2100,135273.0,2142.7,0.9800718719372755,False,False,2.0
2024,9,LineaH,Corrientes,2114,99807.0,2142.7,0.9866056844168574,False,False,3.0
2024,9,LineaH,Hospitales,2118,300596.0,2142.7,0.9884724879824521,False,False,4.0
2024,9,LineaH,Las Heras,2127,204223.0,2142.7,0.9926727960050404,False,False,5.0
2024,9,LineaH,Venezuela,2127,121177.0,2142.7,0.9926727960050404,False,False,6.0
2024,9,LineaH,Patricios,2129,243900.0,2142.7,0.9936061977878379,False,False,7.0
2024,9,LineaH,Humberto I,2135,115425.0,2142.7,0.9964064031362301,False,False,8.0
2024,9,LineaH,Inclan,2138,108613.0,2142.7,0.9978065058104262,False,False,9.0
2024,9,LineaH,Santa Fe,2140,226053.0,2142.7,0.9987399075932236,False,False,10.0
2024,10,LineaA,Pasco,1984,40477.0,2111.3,0.9397053947804669,False,False,1.0
2024,10,LineaA,Alberti,2016,80071.0,2111.3,0.9548619334059584,False,False,2.0
2024,10,LineaA,Flores,2060,194732.0,2111.3,0.975702174016009,False,False,3.0
2024,10,LineaA,Piedras,2062,77995.0,2111.3,0.9766494576801023,False,False,4.0
2024,10,LineaA,Peru,2071,143880.0,2111.3,0.9809122341685217,False,False,5.0
2024,10,LineaA,Puan,2084,110285.0,2111.3,0.9870695779851275,False,False,6.0
2024,10,LineaA,Saenz Peña,2091,119435.0,2111.3,0.9903850708094538,False,False,7.0
2024,10,LineaA,Primera Junta,2092,216801.0,2111.3,0.9908587126415004,False,False,8.0
2024,10,LineaA,Carabobo,2093,167102.0,2111.3,0.9913323544735471,False,False,9.0
2024,10,LineaA,San Pedrito,2093,496668.0,2111.3,0.9913323544735471,False,False,10.0
2024,10,LineaB,Tronador,1992,77952.0,2107.6,0.9451508825204024,False,False,1.0
2024,10,LineaB,Uruguay,2020,186286.0,2107.6,0.9584361358891631,False,False,2.0
2024,10,LineaB,Malabia,2030,253567.0,2107.6,0.963180869235149,False,False,3.0
2024,10,LineaB,Carlos Gardel,2034,237511.0,2107.6,0.9650787625735434,False,False,4.0
2024,10,LineaB,Echeverria,2046,98289.0,2107.6,0.9707724425887265,False,False,5.0
2024,10,LineaB,Pueyrredon,2053,170205.0,2107.6,0.9740937559309167,False,False,6.0
2024,10,LineaB,Leandro N. Alem,2056,297972.0,2107.6,0.9755171759347125,False,False,7.0
2024,10,LineaB,Los Incas,2063,134174.0,2107.6,0.9788384892769026,False,False,8.0
2024,10,LineaB,Florida,2074,200385.0,2107.6,0.9840576959574873,False,False,9.0
2024,10,LineaB,Callao.B,2079,208917.0,2107.6,0.9864300626304802,False,False,10.0
2024,10,LineaC,Diagonal Norte,2045,80365.0,2108.2,0.9700218195617115,False,False,1.0
2024,10,LineaC,General San Martin,2045,75799.0,2108.2,0.9700218195617115,False,False,2.0
2024,10,LineaC,Lavalle,2054,100721.0,2108.2,0.9742908642443792,False,False,3.0
2024,10,LineaC,San Juan,2071,78736.0,2108.2,0.9823546153116404,False,False,4.0
2024,10,LineaC,Avenida de Mayo,2077,68977.0,2108.2,0.9852006451000854,False,False,5.0
2024,10,LineaC,Mariano Moreno,2088,81876.0,2108.2,0.9904183663789016,False,False,6.0
2024,10,LineaC,Constitucion,2100,1380906.0,2108.2,0.9961104259557918,False,False,7.0
2024,10,LineaC,Retiro,2107,510842.0,2108.2,0.999430794042311,False,False,8.0
2024,10,LineaC,Independencia,2113,97214.0,2108.2,1.0022768238307562,False,False,9.0
2024,10,LineaD,Scalabrini Ortiz,1388,110480.0,2110.0,0.6578199052132702,True,False,1.0
2024,10,LineaD,Tribunales,1999,168088.0,2110.0,0.9473933649289099,False,False,2.0
2024,10,LineaD,Jose Hernandez,2057,167720.0,2110.0,0.9748815165876777,False,False,3.0
2024,10,LineaD,9 de julio,2059,71000.0,2110.0,0.975829383886256,False,False,4.0
2024,10,LineaD,Olleros,2065,163476.0,2110.0,0.9786729857819905,False,False,5.0
2024,10,LineaD,Juramento,2072,244067.0,2110.0,0.9819905213270143,False,False,6.0
2024,10,LineaD,Facultad de Medicina,2083,247492.0,2110.0,0.9872037914691943,False,False,7.0
2024,10,LineaD,Agüero,2092,136475.0,2110.0,0.9914691943127962,False,False,8.0
2024,10,LineaD,Pueyrredon.D,2093,110781.0,2110.0,0.9919431279620853,False,False,9.0
2024,10,LineaD,Palermo,2097,274329.0,2110.0,0.9938388625592417,False,False,10.0
2024,10,LineaE,Varela,1944,42711.0,2096.5,0.9272597185785834,False,False,1.0
2024,10,LineaE,Medalla Milagrosa,1998,36798.0,2096.5,0.953016932983544,False,False,2.0
2024,10,LineaE,Urquiza,2016,57696.0,2096.5,0.9616026711185309,False,False,3.0
2024,10,LineaE,Catalinas,2039,83651.0,2096.5,0.9725733365132363,False,False,4.0
2024,10,LineaE,Emilio Mitre,2050,79357.0,2096.5,0.9778201764846172,False,False,5.0
2024,10,LineaE,General Belgrano,2057,65246.0,2096.5,0.9811590746482233,False,False,6.0
2024,10,LineaE,Pichincha,2062,38761.0,2096.5,0.9835440019079418,False,False,7.0
2024,10,LineaE,Pza. de los Virreyes,2064,169942.0,2096.5,0.9844979728118293,False,False,8.0
2024,10,LineaE,Jujuy,2067,45093.0,2096.5,0.9859289291676604,False,False,9.0
2024,10,LineaE,Entre Rios,2078,65336.0,2096.5,0.9911757691390413,False,False,10.0
2024,10,LineaH,Las Heras,2036,154893.0,2116.8,0.9618291761148903,False,False,1.0
2024,10,LineaH,Facultad de Derecho,2077,106371.0,2116.8,0.9811980347694632,False,False,2.0
2024,10,LineaH,Patricios,2077,169884.0,2116.8,0.9811980347694632,False,False,3.0
2024,10,LineaH,Corrientes,2081,82159.0,2116.8,0.9830876795162509,False,False,4.0
2024,10,LineaH,Venezuela,2083,89175.0,2116.8,0.9840325018896446,False,False,5.0
2024,10,LineaH,Cordoba,2085,125144.0,2116.8,0.9849773242630384,False,False,6.0
2024,10,LineaH,Hospitales,2088,236225.0,2116.8,0.9863945578231291,False,False,7.0
2024,10,LineaH,Caseros,2090,107169.0,2116.8,0.987339380196523,False,False,8.0
2024,10,LineaH,Santa Fe,2104,184219.0,2116.8,0.9939531368102796,False,False,9.0
2024,10,LineaH,Inclan,2115,89863.0,2116.8,0.9991496598639454,False,False,10.0
2024,11,LineaA,Pasco,2012,40045.0,2105.2,0.9557286718601559,False,False,1.0
2024,11,LineaA,Peru,2028,142298.0,2105.2,0.9633288998669961,False,False,2.0
2024,11,LineaA,Flores,2056,185638.0,2105.2,0.9766292988789664,False,False,3.0
2024,11,LineaA,Piedras,2059,74754.0,2105.2,0.978054341630249,False,False,4.0
2024,11,LineaA,Puan,2074,106600.0,2105.2,0.9851795553866617,False,False,5.0
2024,11,LineaA,Carabobo,2077,168571.0,2105.2,0.9866045981379442,False,False,6.0
2024,11,LineaA,Alberti,2084,74906.0,2105.2,0.9899296978909368,False,False,7.0
2024,11,LineaA,Saenz Peña,2091,118185.0,2105.2,0.9932547976439294,False,False,8.0
2024,11,LineaA,Congreso,2093,186932.0,2105.2,0.9942048261447844,False,False,9.0
2024,11,LineaA,Rio de Janeiro,2093,161328.0,2105.2,0.9942048261447844,False,False,10.0
2024,11,LineaB,Echeverria,2037,96243.0,2102.8,0.9687083888149134,False,False,1.0
2024,11,LineaB,Tronador,2040,76700.0,2102.8,0.9701350580178808,False,False,2.0
2024,11,LineaB,Los Incas,2049,133481.0,2102.8,0.9744150656267833,False,False,3.0
2024,11,LineaB,Rosas,2064,449258.0,2102.8,0.9815484116416207,False,False,4.0
2024,11,LineaB,Pasteur,2076,153834.0,2102.8,0.9872550884534905,False,False,5.0
2024,11,LineaB,Malabia,2078,247869.0,2102.8,0.9882062012554688,False,False,6.0
2024,11,LineaB,Uruguay,2079,189864.0,2102.8,0.9886817576564579,False,False,7.0
2024,11,LineaB,Carlos Pellegrini,2080,295639.0,2102.8,0.9891573140574471,False,False,8.0
2024,11,LineaB,Pueyrredon,2081,165582.0,2102.8,0.9896328704584363,False,False,9.0
2024,11,LineaB,Florida,2082,196185.0,2102.8,0.9901084268594255,False,False,10.0
2024,11,LineaC,General San Martin,2045,73328.0,2109.4,0.9694699914667677,False,False,1.0
2024,11,LineaC,Lavalle,2059,99308.0,2109.4,0.9761069498435574,False,False,2.0
2024,11,LineaC,Diagonal Norte,2061,78875.0,2109.4,0.9770550867545273,False,False,3.0
2024,11,LineaC,Mariano Moreno,2062,74895.0,2109.4,0.9775291552100123,False,False,4.0
2024,11,LineaC,San Juan,2068,76563.0,2109.4,0.9803735659429221,False,False,5.0
2024,11,LineaC,Avenida de Mayo,2076,69072.0,2109.4,0.9841661135868018,False,False,6.0
2024,11,LineaC,Retiro,2095,497298.0,2109.4,0.9931734142410164,False,False,7.0
2024,11,LineaC,Independencia,2109,89198.0,2109.4,0.9998103726178059,False,False,8.0
2024,11,LineaC,Constitucion,2111,1310967.0,2109.4,1.0007585095287759,False,False,9.0
2024,11,LineaD,Tribunales,2060,168027.0,2106.0,0.9781576448243114,False,False,1.0
2024,11,LineaD,Jose Hernandez,2065,167269.0,2106.0,0.9805318138651472,False,False,2.0
2024,11,LineaD,9 de julio,2068,72354.0,2106.0,0.9819563152896487,False,False,3.0
2024,11,LineaD,Juramento,2071,250056.0,2106.0,0.98338081671415,False,False,4.0
2024,11,LineaD,Olleros,2079,163333.0,2106.0,0.9871794871794872,False,False,5.0
2024,11,LineaD,Pueyrredon.D,2085,109929.0,2106.0,0.99002849002849,False,False,6.0
2024,11,LineaD,Facultad de Medicina,2092,245229.0,2106.0,0.99335232668566,False,False,7.0
2024,11,LineaD,Agüero,2095,139729.0,2106.0,0.9947768281101614,False,False,8.0
2024,11,LineaD,Palermo,2095,274207.0,2106.0,0.9947768281101614,False,False,9.0
2024,11,LineaD,Ministro Carranza,2100,175787.0,2106.0,0.9971509971509972,False,False,10.0
2024,11,LineaE,Varela,1923,40883.0,2097.9,0.9166309166309166,False,False,1.0
2024,11,LineaE,Medalla Milagrosa,2001,37177.0,2097.9,0.9538109538109538,False,False,2.0
2024,11,LineaE,Emilio Mitre,2036,80848.0,2097.9,0.9704943038276371,False,False,3.0
2024,11,LineaE,Catalinas,2050,77716.0,2097.9,0.9771676438343104,False,False,4.0
2024,11,LineaE,Pza. de los Virreyes,2050,167464.0,2097.9,0.9771676438343104,False,False,5.0
2024,11,LineaE,Urquiza,2057,57403.0,2097.9,0.9805043138376471,False,False,6.0
2024,11,LineaE,General Belgrano,2062,61826.0,2097.9,0.9828876495543162,False,False,7.0
2024,11,LineaE,Jose Maria Moreno,2069,76152.0,2097.9,0.9862243195576529,False,False,8.0
2024,11,LineaE,Jujuy,2074,44589.0,2097.9,0.9886076552743219,False,False,9.0
2024,11,LineaE,Entre Rios,2079,62216.0,2097.9,0.990990990990991,False,False,10.0
2024,11,LineaH,Facultad de Derecho,2077,113631.0,2113.4,0.9827765685625058,False,False,1.0
2024,11,LineaH,Las Heras,2088,150899.0,2113.4,0.9879814516892211,False,False,2.0
2024,11,LineaH,Corrientes,2092,78302.0,2113.4,0.9898741364625722,False,False,3.0
2024,11,LineaH,Cordoba,2095,123102.0,2113.4,0.9912936500425854,False,False,4.0
2024,11,LineaH,Hospitales,2098,231154.0,2113.4,0.9927131636225986,False,False,5.0
2024,11,LineaH,Venezuela,2099,90075.0,2113.4,0.9931863348159363,False,False,6.0
2024,11,LineaH,Caseros,2102,103484.0,2113.4,0.9946058483959496,False,False,7.0
2024,11,LineaH,Humberto I,2103,95067.0,2113.4,0.9950790195892874,False,False,8.0
2024,11,LineaH,Patricios,2106,162710.0,2113.4,0.9964985331693006,False,False,9.0
2024,11,LineaH,Inclan,2108,90634.0,2113.4,0.9974448755559762,False,False,10.0
2024,12,LineaA,Pasco,2047,42831.0,2153.0,0.9507663725034835,False,False,1.0
2024,12,LineaA,Piedras,2086,73150.0,2153.0,0.9688806316767301,False,False,2.0
2024,12,LineaA,Flores,2092,193404.0,2153.0,0.9716674407803065,False,False,3.0
2024,12,LineaA,San Pedrito,2096,557516.0,2153.0,0.9735253135160241,False,False,4.0
2024,12,LineaA,Carabobo,2108,166103.0,2153.0,0.979098931723177,False,False,5.0
2024,12,LineaA,Puan,2112,100204.0,2153.0,0.9809568044588945,False,False,6.0
2024,12,LineaA,Alberti,2113,71679.0,2153.0,0.981421272642824,False,False,7.0
2024,12,LineaA,Primera Junta,2120,205126.0,2153.0,0.9846725499303298,False,False,8.0
2024,12,LineaA,Lima,2135,104767.0,2153.0,0.9916395726892708,False,False,9.0
2024,12,LineaA,Peru,2138,147258.0,2153.0,0.993032977241059,False,False,10.0
2024,12,LineaB,Pueyrredon.B,1882,20632.0,2165.5,0.8690833525744631,False,False,1.0
2024,12,LineaB,Echeverria,2085,92494.0,2165.5,0.9628261371507735,False,False,2.0
2024,12,LineaB,Los Incas,2102,130309.0,2165.5,0.9706765181251443,False,False,3.0
2024,12,LineaB,Tronador,2106,76297.0,2165.5,0.9725236665897021,False,False,4.0
2024,12,LineaB,Rosas,2117,439649.0,2165.5,0.9776033248672362,False,False,5.0
2024,12,LineaB,Florida,2119,202508.0,2165.5,0.9785268990995151,False,False,6.0
2024,12,LineaB,Pasteur,2141,162258.0,2165.5,0.9886862156545833,False,False,7.0
2024,12,LineaB,Pueyrredon,2141,164080.0,2165.5,0.9886862156545833,False,False,8.0
2024,12,LineaB,Angel Gallardo,2150,198557.0,2165.5,0.9928422996998384,False,False,9.0
2024,12,LineaB,Federico Lacroze,2150,406950.0,2165.5,0.9928422996998384,False,False,10.0
2024,12,LineaC,Independencia.C,1895,14432.0,2142.0,0.88468720821662,False,False,1.0
2024,12,LineaC,Retiro.C,1987,34213.0,2142.0,0.9276377217553688,False,False,2.0
2024,12,LineaC,General San Martin,2081,73055.0,2142.0,0.9715219421101774,False,False,3.0
2024,12,LineaC,Diagonal Norte,2083,92299.0,2142.0,0.9724556489262371,False,False,4.0
2024,12,LineaC,Mariano Moreno,2089,74994.0,2142.0,0.9752567693744164,False,False,5.0
2024,12,LineaC,Avenida de Mayo,2104,59981.0,2142.0,0.9822595704948646,False,False,6.0
2024,12,LineaC,Lavalle,2111,98618.0,2142.0,0.9855275443510738,False,False,7.0
2024,12,LineaC,San Juan,2118,66703.0,2142.0,0.988795518207283,False,False,8.0
2024,12,LineaC,Constitucion,2135,1265766.0,2142.0,0.9967320261437909,False,False,9.0
2024,12,LineaC,Independencia,2142,67063.0,2142.0,1.0,False,False,10.0
2024,12,LineaD,Palermo,557,72994.0,2146.5,0.2594921965991148,True,False,1.0
2024,12,LineaD,Callao.D,1216,16080.0,2146.5,0.5665036105287677,True,False,2.0
2024,12,LineaD,9 de julio,2062,66485.0,2146.5,0.9606335895644071,False,False,3.0
2024,12,LineaD,Juramento,2103,245814.0,2146.5,0.9797344514325647,False,False,4.0
2024,12,LineaD,Pueyrredon.D,2114,106696.0,2146.5,0.9848590729093873,False,False,5.0
2024,12,LineaD,Jose Hernandez,2116,157793.0,2146.5,0.9857908222688097,False,False,6.0
2024,12,LineaD,Tribunales,2117,161335.0,2146.5,0.9862566969485208,False,False,7.0
2024,12,LineaD,Congreso de Tucuman,2118,411798.0,2146.5,0.986722571628232,False,False,8.0
2024,12,LineaD,Olleros,2125,158383.0,2146.5,0.9899836943862101,False,False,9.0
2024,12,LineaD,Agüero,2131,130282.0,2146.5,0.9927789424644771,False,False,10.0
2024,12,LineaE,Retiro.E,1721,13279.0,2133.0,0.8068448195030473,False,False,1.0
2024,12,LineaE,Independencia.E,1880,16316.0,2133.0,0.8813877168307548,False,False,2.0
2024,12,LineaE,Varela,2063,39593.0,2133.0,0.9671823722456634,False,False,3.0
2024,12,LineaE,Medalla Milagrosa,2064,34915.0,2133.0,0.9676511954992968,False,False,4.0
2024,12,LineaE,Emilio Mitre,2067,73230.0,2133.0,0.9690576652601969,False,False,5.0
2024,12,LineaE,Catalinas,2070,75145.0,2133.0,0.9704641350210971,False,False,6.0
2024,12,LineaE,Pza. de los Virreyes,2080,158199.0,2133.0,0.9751523675574308,False,False,7.0
2024,12,LineaE,General Belgrano,2102,59722.0,2133.0,0.9854664791373652,False,False,8.0
2024,12,LineaE,Jose Maria Moreno,2107,69145.0,2133.0,0.9878105954055321,False,False,9.0
2024,12,LineaE,Urquiza,2116,52735.0,2133.0,0.9920300046882325,False,False,10.0
2024,12,LineaH,Facultad de Derecho,2097,68152.0,2166.3,0.9680099709181553,False,False,1.0
2024,12,LineaH,Corrientes,2124,83689.0,2166.3,0.9804736186123805,False,False,2.0
2024,12,LineaH,Cordoba,2136,106897.0,2166.3,0.9860130175875916,False,False,3.0
2024,12,LineaH,Las Heras,2145,143287.0,2166.3,0.9901675668190001,False,False,4.0
2024,12,LineaH,Venezuela,2146,86950.0,2166.3,0.9906291834002676,False,False,5.0
2024,12,LineaH,Humberto I,2149,94796.0,2166.3,0.9920140331440704,False,False,6.0
2024,12,LineaH,Inclan,2153,86532.0,2166.3,0.9938604994691409,False,False,7.0
2024,12,LineaH,Hospitales,2158,231435.0,2166.3,0.9961685823754789,False,False,8.0
2024,12,LineaH,Patricios,2159,157026.0,2166.3,0.9966301989567464,False,False,9.0
2024,12,LineaH,Caseros,2160,95738.0,2166.3,0.9970918155380141,False,False,10.0
